ch_peel_pub	GsrpChannel	violated:temporal
ch_onion_literal	GsrpChannel	violated:temporal
ch_live_perpacket	GsrpChannel	holds
ch_live_kemdem	GsrpChannel	holds
ch_pub_perpacket	GsrpChannel	holds
ch_pub_kemdem	GsrpChannel	holds
ch_disp_visit	GsrpChannel	holds
ch_disp_obs	GsrpChannel	violated:ExposureByExit
ch_disp_perpacket	GsrpChannel	holds
ch_priv_cluster	GsrpChannel	violated:NoPayloadBeforeEgress
ch_priv_cluster_all	GsrpChannel	violated:ExposureByExit
ch_priv_node	GsrpChannel	holds
ch_priv_ingress	GsrpChannel	holds
ch_reach_bridge	GsrpChannel	holds
ch_reach_nobridge	GsrpChannel	violated:EgressReachable
ch_reducible	GsrpChannel	violated:EgressReachable
ch_rotate_g0	GsrpChannel	violated:temporal
ch_rotate_g1	GsrpChannel	holds
ch_fs	GsrpChannel	holds
ch_fs_window	GsrpChannel	violated:ForwardSecrecy
ch_leave_pub	GsrpChannel	violated:PostLeave
ch_leave_rekey	GsrpChannel	holds
am_safety	GsrpChannel	holds
am_exposure	GsrpChannel	holds
am_bridge	GsrpChannel	holds
am_live	GsrpChannel	holds
ch_know_monotone	GsrpChannel	holds
wc_am	GsrpChannel	violated:NoRotateLeaveInFlight
wc_am_bridge	GsrpChannel	violated:NoBadHandles
wc_delivered	GsrpChannel	violated:NotDelivered
wc_bridge	GsrpChannel	violated:NoBridge
wc_bad_relays	GsrpChannel	violated:NoBadHandles
wc_rotation	GsrpChannel	violated:NoRotationInFlight
wc_late	GsrpChannel	violated:NoLate
wc_leave	GsrpChannel	violated:NoLeaveInFlight
eg_choose_gossip	GsrpEgress	violated:OneFacade
eg_relation	GsrpEgress	violated:OneFacade
eg_hash_gossip	GsrpEgress	holds
eg_hash_churn	GsrpEgress	violated:OneFacade
eg_consensus	GsrpEgress	holds
eg_epoch_pub	GsrpEgress	violated:OneFacade
eg_epoch_amd	GsrpEgress	holds
eg_cleanup	GsrpEgress	holds
eg_udp	GsrpEgress	holds
eg_udp_pub	GsrpEgress	violated:UdpReturn
eg_udp_tight	GsrpEgress	violated:UdpReturn
eg_udp_source	GsrpEgress	violated:UdpSourceStable
am_tcp	GsrpEgress	holds
we_session	GsrpEgress	violated:NoMultiSender
we_concurrent_open	GsrpEgress	violated:NoConcurrentOpen
we_udp_resp	GsrpEgress	violated:NoUdpAnswer
we_join	GsrpEgress	violated:NoJoin
we_epoch	GsrpEgress	violated:NoBoundaryInSession
we_cleanup	GsrpEgress	violated:NoStaleAfterClose
we_am_tcp	GsrpEgress	violated:NoJoinBoundary
